Name, Link, Image, Caption, Alt Text, Pre-image
Snowmageddon, http://www1.flightrising.com/forums/fl9/1729617, http://i.imgur.com/CXY0vSB.png, Snowmageddon Stress Jan '16, Snow globe containing Arcane symbol with I written on base,
Quest Push 1, http://www1.flightrising.com/forums/fl9/1749315, http://i.imgur.com/xHnOjMw.png, Quest Push Feb '16, Purple heart surrounded by brambles and text reading 'III Adept',
Quest Push 2, http://www1.flightrising.com/forums/fl9/1749315, http://i.imgur.com/eZxI4sZ.png, [br]Quests Feb '16, The Observatory, [br]
RPG, http://www1.flightrising.com/forums/fl9/1769042, http://i.imgur.com/isKD8b7.png, Dungeon Hunt RPG[br]Mar '16, Pink D6 with Arcane symbol and banner reading 'II Apprentice',
Spirit Week 1, http://www1.flightrising.com/forums/fl9/1810380, http://i.imgur.com/YQbDo5H.png, Spirit Week Apr '16, Red clothes hanger and banner reading 'Fashion Show: Arcane Spirit Week',
Spirit Week 2, http://www1.flightrising.com/forums/fl9/1810380, http://i.imgur.com/QtIx09z.png, Spirit Week Apr '16, Grey movie reel and popcorn and banner reading 'Movie Night: Arcane Spirit Week',
Spirit Week 3, http://www1.flightrising.com/forums/fl9/1810380, http://i.imgur.com/ARwNT61.png, Spirit Week Apr '16, Pink Arcanist and banner reading 'Exalting: Arcane Spirit Week: Standard',
Spirit Week 4, http://www1.flightrising.com/forums/fl9/1810380, http://i.imgur.com/VQft0dh.png, Spirit Week Apr '16, Blue target and banner reading 'Sniping: Arcane Spirit Week: Standard',
Spirit Week 5, http://www1.flightrising.com/forums/fl9/1810380, http://i.imgur.com/3HegaEo.png, Spirit Week Apr '16, Yellow coin stack and banner reading 'Profiting: Arcane Spirit Week',
HC 16 Prevels, http://www1.flightrising.com/forums/fl9/1840505, http://i.imgur.com/PiXEFLf.png, House Cup Prelevelling, "Witch's hat, books and Starseeker scarf",
HC 16 Sprite Quests, http://www1.flightrising.com/forums/fl9/1840860, https://i.imgur.com/D1KtWxp.gif, HC Sprite Quests, Arcane sprite with sparks in the colours of the 4 houses,
BHG Reaver, http://www1.flightrising.com/forums/fd9/1798138, http://orig03.deviantart.net/727d/f/2015/063/8/7/reaver_sm_by_xnedra22-d8kgenx.png, Earned after HC, Old Standard Reaver badge from Bounty Hunters Guild,
HC 16 Overall Apoc, http://www1.flightrising.com/forums/fl9/1868101, http://i.imgur.com/i4Fw7mk.gif, HC Overall Apoc, Paper lantern with Starseeker symbol and glowing lights,
HC 16 SS Apoc, http://www1.flightrising.com/forums/fl9/1868101, http://i.imgur.com/p8VaGaT.gif, Starseeker Apoc, Paper lantern with Starseeker symbol,
HC 16 SS Champs, http://www1.flightrising.com/forums/fl9/1868101, http://i.imgur.com/p2NExKd.png, House Cup Champs, Starseeker symbol with 1st place stamp,
Stress Test Jul 16, http://www1.flightrising.com/forums/fl9/1909649, http://i.imgur.com/xrI3zJG.png, Stress Test[br]Jul '16, Lightbulb containing the number III,
BHG MVP Profit Aug 16,,, BHG Standard[br]MVP[br]Aug '16 Profit Push,,
Stress Test Aug 16, http://www1.flightrising.com/forums/fl9/1958093, http://i.imgur.com/DvxbNdg.gif, Stress Test Aug '16, Marshmallow being roasted on a stick and number VII,
BHG MVP Stress Aug 16,,, BHG Standard[br]MVP[br]Aug '16 Stress Test,,
BHG Elite, http://www1.flightrising.com/forums/fd9/1798138, http://orig13.deviantart.net/e215/f/2015/063/1/3/elite_sm_by_xnedra22-d8kgep4.png, Earned after Aug[br]Stress Test, Old Standard Elite badge from Bounty Hunters Guild,
Starfall 16, http://www1.flightrising.com/forums/fl9/197941, http://i.imgur.com/e7vT7tZ.gif, Starfall '16, Ringed planet with moon and text 'Starfall 2016: V Astronomer',
Whodunnit, http://www1.flightrising.com/forums/fl9/2000331, http://i.imgur.com/VPH77RI.png, Whodunnit Oct '16, Pink shield with Arcane symbol and Arcanist wings,
Steampunk'd, http://www1.flightrising.com/forums/fl9/2028240, http://i.imgur.com/ExSwoJB.gif, Steampunk'd Nov '16, Purple gear with crackling energy and number VII,
House Holiday Party, http://www1.flightrising.com/forums/fl9/2058996, http://i.imgur.com/66Z1owk.png, HHP Dec '16, Snow Arcanist with Starseeker scarf and flag and number IV,
BOTB3 Prelevels Apoc, http://www1.flightrising.com/forums/fl9/2049776, http://i.imgur.com/8aAI2Q8.gif, BOTB3 Prelevelling, Dragon looping over purple pool with text reading 'Apocalyptic',
BOTB3 Prelevels Dormer, http://www1.flightrising.com/forums/fl9/2049776, http://i.imgur.com/QGF7H82.gif, BOTB3 Prelevelling, Two dragons seated by blue pool with text reading 'Dormer',
BOTB3 Prelevels Profit, http://www1.flightrising.com/forums/fl9/2049776, http://i.imgur.com/eQrxxUk.gif, BOTB3 Prelevelling, Dragon seated by pink pool with treasure hoard and text reading 'Top Profit',
BOTB3 Apoc, http://www1.flightrising.com/forums/fd9/2077710, http://i.imgur.com/1WJT8l9.gif, BOTB3, Spinning Arcane compass with text reading 'Apocalyptic',
BHG Titan, http://www1.flightrising.com/forums/fd9/1798138, http://orig11.deviantart.net/af73/f/2016/084/0/6/17titan_i_by_starkindlerstudio-d9wek1s.png, Earned after BOTB3, Old Intense Titan badge from Bounty Hunters Guild,
Love is in the Air, http://www1.flightrising.com/forums/fd9/2115053, http://i.imgur.com/zKKmcBO.png, Love is in the Air[br]Feb '17, Paintbrush dipped in pink paint with number III,
Stellaflora Participation, http://www1.flightrising.com/forums/fd9/2126272, https://68.media.tumblr.com/1beb1afb6118534c45bd75d5fe789242/tumblr_om95jjJCRA1qhz2h3o2_r1_250.png, [br]Stellaflora Fest Participation[br]Feb '17, Purple Starwood flower,
Stellaflora Apoc, http://www1.flightrising.com/forums/fd9/2126272, http://i.imgur.com/kWILp62.png, Stellaflora Fest Apoc, Starwood tree with small hut and meteor,
Space Exploration, http://www1.flightrising.com/forums/fd9/2126871, http://orig14.deviantart.net/08bf/f/2017/064/2/2/food_by_masq_d-db19230.gif, Space Exploration Profit[br]Mar '17, Blob of pink food floating in a space station,
Coffee Conq, http://www1.flightrising.com/forums/fd9/2151360, http://i.imgur.com/FvoFxiN.png, Coffee Conq Apr '17, Cup of coffee with number IX,
Stellaflora II Participation, http://www1.flightrising.com/forums/fd9/2182341, https://68.media.tumblr.com/01a87044cac2973d2d251be5d3b9fffe/tumblr_oq0xlcM82d1qhz2h3o2_250.png, Stellaflora II Participation[br]May '17, Bow tied with Starwood flower,
Stellaflora II Apoc, http://www1.flightrising.com/forums/fd9/2182341, http://i.imgur.com/MqELPfa.png, Stellaflora II Apoc[br]May '17, Glowing Starwood tree with Arcane symbol,
Father's Day, http://www1.flightrising.com/forums/fd9/2203751, http://i.imgur.com/C76c3Fi.gif, Father's Day Profit[br]Jun '17, Pink tie with Arcanist wings and number IV,
Frantic Finals HC, http://www1.flightrising.com/forums/fd9/2224742, https://i.imgur.com/uC3wTWE.png, Frantic Finals Profit[br]Jul '17, Report scroll bound with Starseeker colours,
AvS House Cup 17, http://www1.flightrising.com/forums/fd9/2231635, http://i.imgur.com/dZt4vS2.gif, AvS House Cup '17, Arcanist statue in Starseeker colours,
AvS HC Participation, http://www1.flightrising.com/forums/fd9/2246306, http://i.imgur.com/gzm9m1T.png, AvS HC Participation '17, Pink dragon made of stars,
AvS HC OOFR, http://www1.flightrising.com/forums/fd9/2246306, http://i.imgur.com/CZJSiRu.png, AvS HC Attendant '17, Purple dragon made of stars,
Starfall 17, http://www1.flightrising.com/forums/fd9/2278524, https://i.imgur.com/bWKWTne.gif, Starfall '17, Blue-purple ringed sphere with constellation of the Arcane symbol on,
Spreadsheet Witch, http://www1.flightrising.com/forums/fd9/2302252, https://i.imgur.com/7xyMsw8.gif, Spreadsheet Witch[br]Oct '17, 4 bees flying above a sign reading 'Bee (4)',
Bake Sale, http://www1.flightrising.com/forums/fd9/2351224, https://i.imgur.com/AVcm6cm.gif, Bake Sale Jan '18, Sparkly pink cupcake with ring and label reading 'Apoc',
Tea Profit, http://www1.flightrising.com/forums/fd9/2367840, https://i.imgur.com/YbrHjae.png, Tea Profit Feb '18, Pink teacup and saucer with star design,
Eyes of March, http://www1.flightrising.com/forums/fd9/2386507, https://i.imgur.com/HtXH0ne.png, Eyes of March Mar '18, Closed eye with flowery makeup, [br][br]
Spellunking, http://www1.flightrising.com/forums/fd9/2401637, https://i.imgur.com/2GknolA.png, Spellunking Profit Apr '18, Mining gear scattered around a cave floor,
AvP Cryptids, http://www1.flightrising.com/forums/fd9/2420483, https://i.imgur.com/KgVQIRc.png, AvP Cryptids May '18, Person reading a secret document,
Spa Day, http://www1.flightrising.com/forums/fd9/2457838, https://i.imgur.com/SJOrhX3.png, Spa Day Profit Jun '18, Olive-coloured Arcane symbol with label 'V',
Ball of Sports Participation, http://www1.flightrising.com/forums/fd9/2483440/1, https://s20.postimg.cc/5emmpebd9/we_won.png, HC Jul '18, Pink rosette with Arcane symbol and radiating pink and blue lines,
FvW Donation,, http://i.imgur.com/rY8CkK5.gif, 200kt FvW Nov '16, Spinning blue and orange coin with combined Fire/Water symbol,
House Cup Donation,, http://i.imgur.com/nPGUlhw.gif, 200kt HC Dec '16, Spinning blue and pink coin with Starseeker symbol,
FvL Donation,, http://i.imgur.com/vdaokno.gif, 200kt FvL Mar '17, Spinning orange and cyan coin with combined Fire/Lightning symbol,
Bank Donation Total, https://www1.flightrising.com/forums/fd9/3256614, http://i.imgur.com/RS2LEn3.png, 5 Mil Donated, Frosty pink and orange badge reading 'FGB XVIII', [br][br]
Bank Donation Weeks, https://www1.flightrising.com/forums/fd9/3256614, https://i.imgur.com/nc5jBpq.png, Total Weeks Donated, "Pink, purple and blue badge with Arcane symbol and the text 'FGB 150 weeks'",
Celestial Donation, http://www1.flightrising.com/forums/fd9/2321058, http://i.imgur.com/m7LkWG9.png, 50kt Celestial Nov '17, Pink orb with star-shaped glow inside,
Shadow Mother's Day, http://www1.flightrising.com/forums/raf/1840712, http://i.imgur.com/ARNCfsd.png, Mother's Day '16,, [br][br][br]
Wind Father's Day 16, http://www1.flightrising.com/forums/raf/1868427, http://i.imgur.com/4MZrQ1G.png, Father's Day '16,,
Thundercrack 16, http://www1.flightrising.com/forums/raf/1924999, http://i.imgur.com/E36DqYK.gif, Thundercrack '16,, [br][br][br][br][br][br]
Wind WvW Merc,, https://i.imgur.com/AJAn14Q.png, WvW Mercing for Staggard,,
Shadow Meteor, http://www1.flightrising.com/forums/fl9/1613959, http://i.imgur.com/EX8Ll0e.png,, Purple meteor and text reading 'I Meteorbombed Shadow 2016',
Wind Meteor, http://www1.flightrising.com/forums/fl9/1613959, http://i.imgur.com/uZ8c7UW.png,, Green meteor and text reading 'I Meteorbombed Wind 2016',
Water Meteor, http://www1.flightrising.com/forums/fl9/1613959, http://i.imgur.com/Xw0DNlO.png,, Blue meteor and text reading 'I Meteorbombed Water 2016',
Nature Meteor, http://www1.flightrising.com/forums/fl9/1613959, http://i.imgur.com/ZxxUpYb.png,, Green meteor and text reading 'I Meteorbombed Nature 2016',
Light Meteor, http://www1.flightrising.com/forums/fl9/1613959, http://imgur.com/DcoZKde.png,, Present-meteor with yellow ribbon and text reading 'I Meteorbombed Light 2016',
Lightning Meteor, http://www1.flightrising.com/forums/fl9/1613959, http://imgur.com/fpvGfB4.png,, Present-meteor with blue ribbon and text reading 'I Meteorbombed Lightning 2016',
Fire Meteor, http://www1.flightrising.com/forums/fl9/1613959, http://imgur.com/Ybh3kFy.png,, Present-meteor with orange ribbon and text reading 'I Meteorbombed Fire 2016',
Plague Meteor, http://www1.flightrising.com/forums/fl9/1613959, http://i.imgur.com/J9cqgPC.gif,, Present-meteor with red ribbon and text reading 'I Meteorbombed Plague 2016',
Inktober 16, http://www1.flightrising.com/forums/fl9/1995072, http://i.imgur.com/ftYOvRD.png,, Arcane symbol and text reading 'Inktober '16: 1', [br][br]
Ball of Sports SS 4, http://www1.flightrising.com/forums/fd9/2483440, https://orig00.deviantart.net/8a07/f/2018/215/7/6/4th_place_starseeker_by_punkinator919-dcj3yf7.png, HC Jul '18, 4th place rosette with Starseeker ribbons,
Ball of Sports Apoc, http://www1.flightrising.com/forums/fd9/2483440, https://orig00.deviantart.net/757f/f/2018/199/1/4/starseeker___apoc_by_punkinator919-dchn5r1.gif, HC Jul '18, Starseeker trophy with pink sphere bobbing in the cup and plaque reading 'Apoc',
AvS Donation Comp, http://www1.flightrising.com/forums/fd9/2226174, http://i.imgur.com/HwAFu1T.gif, 25kt HC Jul '17, Starseeker colours crashing down into a beaker,
FGB Stretch Goal 1, http://www1.flightrising.com/forums/fd9/2098174/14#post_28143803, https://68.media.tumblr.com/78019dba9f2bbdb063ae44d489dfa883/tumblr_orrt4noalz1vlqz1wo3_100.png, Stretch Goals Jul '17, Arcane symbol with one coin reading 'Fundraising Phenomemon',
FGB Stretch Goal 2, http://www1.flightrising.com/forums/fd9/2098174/15#post_28434720, https://68.media.tumblr.com/e9c4d1acdf38fefb8c0dfc718948b60b/tumblr_orrt4noalz1vlqz1wo1_100.png, Stretch Goals Jul '17, Arcane symbol with two coins reading 'Fundraising Apocalypse',
FGB Stretch Goal 3, http://www1.flightrising.com/forums/fd9/2098174/15#post_28434720, https://68.media.tumblr.com/788ec7b211ff9513153cd42c87de2302/tumblr_orrt4noalz1vlqz1wo2_r1_100.png, Stretch Goals Jul '17, Arcane symbol with three coins reading 'Fundraising Miracle',
Wind vS Sun, http://www1.flightrising.com/forums/raf/1931892, http://i.imgur.com/E0T9Zxm.png, [br]WvS Sun Jul '16,, [br]
Wind vS Wed, http://www1.flightrising.com/forums/raf/1931892, http://i.imgur.com/zDDgmnx.png, WvS Wed Jul '16,, [br][br][br]
Wind vS Thu, http://www1.flightrising.com/forums/raf/1931892, http://i.imgur.com/WzoBbzP.png, WvS Thu Jul '16,,
PvW Sun/Mon, http://www1.flightrising.com/forums/drw/1934597, http://orig11.deviantart.net/8dd2/f/2016/218/a/b/fr_badge_1_by_hisscale-dacx5fa.png, PvW Sun Aug '16[br][br][url=http://www1.flightrising.com/forums/drw/1934597][img]http://orig01.deviantart.net/6fb9/f/2016/218/6/f/fr_badge_2_by_hisscale-dacx5fr.png[/img][/url][br]PvW Mon Aug '16,,
PvW Wed/Fri, http://www1.flightrising.com/forums/drw/1934597, http://orig08.deviantart.net/79e2/f/2016/218/7/1/fr_badge_4_by_hisscale-dacx5hi.png, PvW Wed Aug '16[br][br][url=http://www1.flightrising.com/forums/drw/1934597][img]http://orig06.deviantart.net/95a8/f/2016/218/e/e/fr_badge_6_by_hisscale-dacx5j5.png[/img][/url][br]PvW Fri Aug '16,,
Noodle Fest, http://www1.flightrising.com/forums/drw/1976297, http://i.imgur.com/IMWomIp.png, Noodle Fest Sun[br]Oct '16,, [br][br]
RoR 16, http://www1.flightrising.com/forums/raf/2008527, https://i.postimg.cc/8zyqdSYn/RJIFOBR.gif, RoR Tue Oct '16[br][url=http://www1.flightrising.com/forums/raf/2008527][img]https://i.postimg.cc/s2vbwLdf/shadowg.gif[/img][/url][br]RoR Sat Oct '16,,
WvF Water, http://www1.flightrising.com/forums/raf/2001955, https://78.media.tumblr.com/87a436f5feedfd49f5d799ce2d87dba1/tumblr_ofmnsyXWfD1v18ib5o1_250.png, WvF Nov '16,,
WvF Fire, http://www1.flightrising.com/forums/raf/2023699, http://i.imgur.com/wVZcUaX.gif, WvF,, [br][br][br]
RBC Light, http://www1.flightrising.com/forums/drw/2052086, https://i.imgur.com/K7EBvqQ.png, Dec '16,, [br][br]
Plague of Frogs, http://www1.flightrising.com/forums/raf/2104855, http://i.imgur.com/Vt5DOYv.png, Plague of Frogs Jan '17,, [br]
Trickmurk 17, http://www1.flightrising.com/forums/raf/2116680, http://i.imgur.com/UkcyBew.png, Trickmurk '17,, [br]
FvL Lightning Dorming, http://www1.flightrising.com/forums/raf/2117867, http://i.imgur.com/PnfQEA7.png, FvL Dorming Feb '17,, [br]
FvL Fire, http://www1.flightrising.com/forums/raf/2129683, http://i.imgur.com/4rdUets.gif, FvL Feb '17[br][url=http://www1.flightrising.com/forums/raf/2129683][img]http://i.imgur.com/lBPJhp2.gif[/img][/url][br]FvL Feb '17,,
FvL Lightning, http://www1.flightrising.com/forums/raf/2129433, http://i.imgur.com/XqjLbu7.gif, FvL Feb '17,,
MistJam 17, http://www1.flightrising.com/forums/raf/2142671, http://i.imgur.com/zcMmJFX.png, MistJam '17,, [br]
Greenskeeper's 17, http://www1.flightrising.com/forums/raf/2185239, http://i.imgur.com/X2rjcgQ.png, GG May '17,, [br]
Brightshine 17, http://www1.flightrising.com/forums/raf/2209676, https://i.imgur.com/1ezfoMg.png, Brightshine '17,, [br]
IvW Ice, http://www1.flightrising.com/forums/raf/2227362, http://i.imgur.com/2Onx9dI.gif, IvW Jul '17,, [br][br]
IvW Ice Day 1, http://www1.flightrising.com/forums/raf/2227362, http://i.imgur.com/wvAkNB2.png, IvW Jul '17,, [br][br]
Flameforger's 17, http://www1.flightrising.com/forums/raf/2259612, https://puu.sh/x4fRB/c8b283e239.gif, Flameforger's '17,, [br][br]
WvL Lightning Dorming, http://www1.flightrising.com/forums/raf/2259562, https://puu.sh/xdO1Z/9cd0080586.png, WvL Aug '17,, [br][br][br]
WvL Wind, http://www1.flightrising.com/forums/raf/2264687, https://i.imgur.com/r1xG7AD.png, WvL Aug '17,,
LvE Earth Dorming Arcane, http://www1.flightrising.com/forums/raf/2316884, https://i.imgur.com/eRc0AfA.png, LvE Dec '17,,
LvE Earth Dorming Fire, http://www1.flightrising.com/forums/raf/2316884, https://i.imgur.com/zCwvPbr.png, LvE Dec '17,,
LvE Earth Dorming Ice, http://www1.flightrising.com/forums/raf/2316884, https://i.imgur.com/yVIBa2I.png, LvE Dec '17,,
LvE Earth Dorming Wind, http://www1.flightrising.com/forums/raf/2316884, https://i.imgur.com/24Huvfv.png, LvE Dec '17,,
LvE Earth Dorming Light, http://www1.flightrising.com/forums/raf/2316884, https://i.imgur.com/LmOtSRs.png, LvE Dec '17,,
LvE Earth Dorming Water, http://www1.flightrising.com/forums/raf/2316884, https://i.imgur.com/mqOthKc.png, LvE Dec '17,,
LvE Earth Dorming Nature, http://www1.flightrising.com/forums/raf/2316884, https://i.imgur.com/6ZYBlt7.png, LvE Dec '17,,
LvE Earth Dorming Lightning, http://www1.flightrising.com/forums/raf/2316884, https://i.imgur.com/uGUW5FX.png, LvE Dec '17,,
LvE Earth Dorming Shadow, http://www1.flightrising.com/forums/raf/2316884, https://i.imgur.com/qoknSgd.png, LvE Dec '17,,
LvE Earth Dorming Plague, http://www1.flightrising.com/forums/raf/2316884, https://i.imgur.com/OgvHj2t.png, LvE Dec '17,,
Gala 18, http://www1.flightrising.com/forums/raf/2357070, https://i.imgur.com/DRjh4vc.png, Gala '18,,
Valentine Wind, http://www1.flightrising.com/forums/raf/2374302, https://i.imgur.com/Tx68FPp.png, Wind Valentine's '18,,
Shadow Persistent,, https://orig08.deviantart.net/82d2/f/2017/210/1/e/p5_by_empressfiraya-dbi65t3.gif, Multi-Push (until Nov '21),,
Inferno Fire, http://www1.flightrising.com/forums/raf/2393822, https://i.imgur.com/d0JLrpP.png, Inferno Mar '18,,
MistJam 18, http://www1.flightrising.com/forums/raf/2395424, https://i.imgur.com/rIGxZdC.png, MistJam '18,,
ETNW, http://www1.flightrising.com/forums/drw/2408595, https://i.imgur.com/aO7bh5c.png, ETNW Apr '18,,
EvN Nature, http://www1.flightrising.com/forums/raf/2409778, https://i.imgur.com/8ehsCUT.png, EvN Apr '18,,
EvN Earth, http://www1.flightrising.com/forums/raf/2413088, https://i.imgur.com/YdN7IPN.png, EvN Apr '18,, [br]
Wavecrest 18, http://www1.flightrising.com/forums/raf/2418521, https://i.imgur.com/wOmfZpX.png, Wavecrest '18,, [br][br][br][br]
Mothers Day 18, http://www1.flightrising.com/forums/raf/2430745, https://78.media.tumblr.com/a638d66f3551d6c9095982eaac1604a9/tumblr_inline_p84hdmtMIw1visb52_540.png, Mother's Day '18,,
Star Wars, http://www1.flightrising.com/forums/raf/2435931, https://i.imgur.com/NfvqyuB.png, Star Wars May '18,, [br][br][br][br]
Star Wars Wed, http://www1.flightrising.com/forums/raf/2435931, https://i.imgur.com/2Td32mx.png, Star Wars May '18,, [br][br][br][br]
Greenskeeper's 18, http://www1.flightrising.com/forums/raf/2437477, https://i.imgur.com/4iAAU3n.png, Greenskeeper's '18,, [br][br][br][br]
Father's Day 18, http://www1.flightrising.com/forums/drw/2454612, https://i.imgur.com/VEihRYl.png, Father's Day '18,, [br]
Brightshine 18, http://www1.flightrising.com/forums/frd/2461996, https://i.imgur.com/oYRTShZ.png, Brightshine '18,, [br]
WvW Water, http://www1.flightrising.com/forums/raf/2489734, https://i.imgur.com/bn54GTs.png, WvW[br]Jul '18,, [br][br][br][br]
WvW Daily, http://www1.flightrising.com/forums/raf/2489734, https://i.imgur.com/p4NBtCi.png, WvW Jul '18,, [br]
Seasons Sun, http://www1.flightrising.com/forums/raf/2497272, https://i.imgur.com/Q8buZyN.png, Seasons Aug '18,, [br][br][br]
Seasons Fri, http://www1.flightrising.com/forums/raf/2497272, https://i.imgur.com/uONb2AK.png, Seasons Aug '18,, [br][br][br]
Seasons Sat, http://www1.flightrising.com/forums/raf/2497272, https://i.imgur.com/o7IjVqn.gif, Seasons Aug '18,, [br][br][br]
Arcanist Speaks,, https://i.imgur.com/0lSM1SJ.png,,,
Pi Hatching,, http://i.imgur.com/iYFz4v1.png,,,
Marva Eggs,, http://i.imgur.com/c2JyPCj.png,,,
Broke the AH,, https://i.imgur.com/QNDaGpC.png,,,
FRHD Survivor,, http://i.imgur.com/VnCqzNX.png,,,
Earth Persistent,, http://i.imgur.com/Gn3jWEm.png, Multi Push (until Apr '18),,
Roundsey Counter Break, http://www1.flightrising.com/forums/frd/2510470, https://i.postimg.cc/Y21LDFVc/K-achievement-badge.png,,,
Flameforger's 18, http://www1.flightrising.com/forums/raf/2508290, https://i.postimg.cc/L6VdXf3S/ff-5.gif, Flameforger's '18,,
Skoll Item Code,, https://s10.postimg.cc/3qbrfrqvt/d_LJZ8_Nv.png,,,
SFC 18 Attendant Sun, http://www1.flightrising.com/forums/fd9/2522390, https://i.imgur.com/TRARogC.png, Starfall '18 Attendant, Pink and blue bubble-like balloons,
Space Diner, http://www1.flightrising.com/forums/fd9/2504191, https://i.imgur.com/r64QeKH.png, Space Diner Aug '18, Overflowing ice cream sundae in pink glass,
SFC 18 Attendant Mon, http://www1.flightrising.com/forums/fd9/2522390, https://i.imgur.com/3bJc5VF.png, Starfall '18 Attendant, Pink and blue tree with star on top,
SFC 18 Attendant Tue, http://www1.flightrising.com/forums/fd9/2522390, https://i.imgur.com/jy7U6J7.png, Starfall '18 Attendant, "Pink, blue and orange candle",
SFC 18 Attendant Wed, http://www1.flightrising.com/forums/fd9/2522390, https://i.imgur.com/jRXLdgM.png, Starfall '18 Attendant, Purple and orange lights in jar,
SFC 18 Attendant Thu, http://www1.flightrising.com/forums/fd9/2522390, https://i.imgur.com/1jiGA0V.png, Starfall '18 Attendant, Blue lava lamp,
SFC 18 Attendant Fri, http://www1.flightrising.com/forums/fd9/2522390, https://i.imgur.com/k91eLWH.png, Starfall '18 Attendant, "Pink, blue, purple and orange ice cubes in glass",
SFC 18 Attendant Sat, http://www1.flightrising.com/forums/fd9/2522390, https://i.imgur.com/6oYpB2O.png, Starfall '18 Attendant, Pink crystal obelisk,
Starfall 18, http://www1.flightrising.com/forums/fd9/2528239, https://i.imgur.com/Um6tVZd.png, Starfall '18, Pink and blue plasma ball,
September 18 Bank Goal, http://www1.flightrising.com/forums/fd9/2505822, https://i.imgur.com/wNuXSUR.png, Donated Sep '18, Gold coin reading 'FGB September Goal Met' with surrounding crystals,
Shadow Oct 18 Mon, http://www1.flightrising.com/forums/raf/2545475, https://i.imgur.com/0pWmmrl.gif, Purple Kombat Oct '18,, [br][br]
Shadow Oct 18 Tue, http://www1.flightrising.com/forums/raf/2545475, https://i.imgur.com/MqLFQnC.png, Purple Kombat Oct '18,,
Shadow Oct 18 Wed, http://www1.flightrising.com/forums/raf/2545475, https://i.imgur.com/43YzO5v.png, Purple Kombat Oct '18,,
Shadow Oct 18 Thu, http://www1.flightrising.com/forums/raf/2545475, https://i.imgur.com/Qbtbop0.png, Purple Kombat Oct '18,,
Shadow Oct 18 Fri, http://www1.flightrising.com/forums/raf/2545475, https://i.imgur.com/OZ7NuOh.png, Purple Kombat Oct '18,,
Shadow Oct 18 Sat, http://www1.flightrising.com/forums/raf/2545475, https://i.imgur.com/LRZsir9.png, Purple Kombat Oct '18,,
RoR 18 Participation, http://www1.flightrising.com/forums/raf/2553301, https://i.imgur.com/hXuxkXn.png, RoR '18,,
RoR 18 Sun, http://www1.flightrising.com/forums/raf/2553301, https://i.imgur.com/90EdrLc.png, RoR '18,,
RoR 18 Mon, http://www1.flightrising.com/forums/raf/2553301, https://i.imgur.com/PtxfbjX.png, RoR '18,,
RoR 18 Tue, http://www1.flightrising.com/forums/raf/2553301, https://i.imgur.com/icQffRP.png, RoR '18,,
RoR 18 Wed, http://www1.flightrising.com/forums/raf/2553301, https://i.imgur.com/KWh0sKk.png, RoR '18,,
RoR 18 Thu, http://www1.flightrising.com/forums/raf/2553301, https://i.imgur.com/WbVoPo6.png, RoR '18,,
RoR 18 Fri, http://www1.flightrising.com/forums/raf/2553301, https://i.imgur.com/unvsC0F.png, RoR '18,,
RoR 18 Sat, http://www1.flightrising.com/forums/raf/2553301, https://i.imgur.com/MgwKoQC.png, RoR '18,,
RoR 18 Levels, http://www1.flightrising.com/forums/raf/2553301, https://i.imgur.com/YmSSE9n.png, RoR '18,,
RoR 18 Survival, http://www1.flightrising.com/forums/raf/2553301, https://i.imgur.com/pLu95AM.png,,,
IvL Lightning Board Arcane, http://www1.flightrising.com/forums/raf/2541334, https://i.imgur.com/cgnNEpe.png, IvL '18,,
IvL Lightning Board Fire, http://www1.flightrising.com/forums/raf/2541334, https://i.imgur.com/kNHigoe.png, IvL '18,,
IvL Lightning Board Plague, http://www1.flightrising.com/forums/raf/2541334, https://i.imgur.com/eTZNia6.png, IvL '18,,
IvL Lightning Board Water, http://www1.flightrising.com/forums/raf/2541334, https://i.imgur.com/JkIag7f.png, IvL '18,,
IvL Lightning Board Wind, http://www1.flightrising.com/forums/raf/2541334, https://i.imgur.com/QIykpcJ.png, IvL '18,,
IvL Lightning Board Shadow, http://www1.flightrising.com/forums/raf/2541334, https://i.imgur.com/jSZbI3x.png, IvL '18,,
IvL Lightning Board Earth, http://www1.flightrising.com/forums/raf/2541334, https://i.imgur.com/BIzZTFD.png, IvL '18,,
IvL Lightning Board Nature, http://www1.flightrising.com/forums/raf/2541334, https://i.imgur.com/yGXS3dG.png, IvL '18,,
IvL Lightning Board Ice, http://www1.flightrising.com/forums/raf/2541334, https://i.imgur.com/24biQNo.png, IvL '18,,
IvL Lightning Board Light, http://www1.flightrising.com/forums/raf/2541334, https://i.imgur.com/tqpY0WI.png, IvL '18,,
Water Oct 18 Sun, http://www1.flightrising.com/forums/drw/2558018, https://66.media.tumblr.com/16c666e25b15e545e597381eb751fe80/tumblr_pgk0c9Y66I1ub2fwao3_r1_100.png, Pumpkin Push Oct '18,,
Water Oct 18 Mon, http://www1.flightrising.com/forums/drw/2558018, https://66.media.tumblr.com/ee7cfdfea0abdbd29dd8298153a81b0e/tumblr_pgk0c9Y66I1ub2fwao1_r1_100.png, Pumpkin Push Oct '18,,
Water Oct 18 Tue, http://www1.flightrising.com/forums/drw/2558018, https://66.media.tumblr.com/46cbc5b9b1b7f1d2be17b291df0d763a/tumblr_pgk0c9Y66I1ub2fwao6_r1_100.png, Pumpkin Push Oct '18,,
Water Oct 18 Wed, http://www1.flightrising.com/forums/drw/2558018, https://66.media.tumblr.com/f625e240049a93f5e5ba120e35ec252c/tumblr_pgk0c9Y66I1ub2fwao4_r1_100.png, Pumpkin Push Oct '18,,
Water Oct 18 Thu, http://www1.flightrising.com/forums/drw/2558018, https://66.media.tumblr.com/4f282132830a8fef700f58a7495651ab/tumblr_pgk0c9Y66I1ub2fwao2_r1_100.png, Pumpkin Push Oct '18,,
IvL Snowboarding Arcane, http://www1.flightrising.com/forums/raf/2542203, https://i.imgur.com/PH6DlKa.png, IvL '18,,
IvL Snowboarding Ice, http://www1.flightrising.com/forums/raf/2542203, https://i.imgur.com/WpLv1az.png, IvL '18,,
IvL Snowboarding Fire, http://www1.flightrising.com/forums/raf/2542203, https://i.imgur.com/wCnFeVe.png, IvL '18,,
IvL Snowboarding Plague, http://www1.flightrising.com/forums/raf/2542203, https://i.imgur.com/tueylfh.png, IvL '18,,
IvL Snowboarding Nature, http://www1.flightrising.com/forums/raf/2542203, https://i.imgur.com/qbYcVHU.png, IvL '18,,
IvL Snowboarding Shadow, http://www1.flightrising.com/forums/raf/2542203, https://i.imgur.com/Z49gTBs.png, IvL '18,,
IvL Snowboarding Water, http://www1.flightrising.com/forums/raf/2542203, https://i.imgur.com/1e4YGhM.png, IvL '18,,
IvL Snowboarding Wind, http://www1.flightrising.com/forums/raf/2542203, https://i.imgur.com/5tBwMOs.png, IvL '18,,
IvL Snowboarding Lightning, http://www1.flightrising.com/forums/raf/2542203, https://i.imgur.com/RGazEOP.png, IvL '18,,
IvL Snowboarding Earth, http://www1.flightrising.com/forums/raf/2542203, https://i.imgur.com/GRNTpe9.png, IvL '18,,
IvL Snowboarding Light, http://www1.flightrising.com/forums/raf/2542203, https://i.imgur.com/MAdUZ5Z.png, IvL '18,,
Spells and Spooks, http://www1.flightrising.com/forums/fd9/2551763, https://i.imgur.com/byn1HzD.png, Spells & Spooks Oct '18, Pink pumpkin with carving of Arcanist's head,
IvL Lightning Sun, http://www1.flightrising.com/forums/raf/2556661, https://i.imgur.com/0tvdgYj.png, IvL '18,,
IvL Ice Sun, http://www1.flightrising.com/forums/raf/2558792, https://i.imgur.com/NB8aLN6.png, IvL '18,,
IvL Lightning Mon, http://www1.flightrising.com/forums/raf/2556661, https://i.imgur.com/OzVXTBk.png, IvL '18,,
IvL Ice Mon, http://www1.flightrising.com/forums/raf/2558792, https://i.imgur.com/FXKgPou.png, IvL '18,,
IvL Lightning Tue, http://www1.flightrising.com/forums/raf/2556661, https://i.imgur.com/kX7FrZZ.png, IvL '18,,
IvL Ice Tue, http://www1.flightrising.com/forums/raf/2558792, https://i.imgur.com/gRcxv1g.png, IvL '18,,
IvL Lightning Wed, http://www1.flightrising.com/forums/raf/2556661, https://i.imgur.com/qvD5y5R.png, IvL '18,,
IvL Ice Wed, http://www1.flightrising.com/forums/raf/2558792, https://i.imgur.com/6FDIBkJ.png, IvL '18,,
IvL Lightning Thu, http://www1.flightrising.com/forums/raf/2556661, https://i.imgur.com/gxMF2sQ.png, IvL '18,,
IvL Ice Thu, http://www1.flightrising.com/forums/raf/2558792, https://i.imgur.com/iFxgHZ7.png, IvL '18,,
IvL Lightning Fri, http://www1.flightrising.com/forums/raf/2556661, https://i.imgur.com/iAONLGJ.png, IvL '18,,
IvL Ice Fri, http://www1.flightrising.com/forums/raf/2558792, https://i.imgur.com/1IyUxQa.png, IvL '18,,
IvL Lightning Sat, http://www1.flightrising.com/forums/raf/2556661, https://i.imgur.com/YGsl09c.png, IvL '18,,
IvL Ice Sat, http://www1.flightrising.com/forums/raf/2558792, https://i.imgur.com/Nt8LECd.png, IvL '18,,
IvL Lightning Levels, http://www1.flightrising.com/forums/raf/2556661, https://i.imgur.com/ZJWcyHc.png, IvL '18,,
IvL Ice Levels, http://www1.flightrising.com/forums/raf/2558792, https://i.imgur.com/0C8boGB.gif, IvL '18,,
Server Migration Survivor,, https://i.imgur.com/6xKaQ49.png,,,
October 18 Bank Goal,, https://i.imgur.com/41g4Ppi.png, Donated Oct '18, Coin reading 'FGB October Goal Met' with surrounding bats,
Merc IvL,, https://i.imgur.com/5268k2P.png, Mercing IvL,,
IvL Donation, http://www1.flightrising.com/forums/fd9/2561761/3#post_36562421, https://i.imgur.com/JVrVD4r.gif, 200kt IvL Oct '18, Spinning white and cyan coin with combined Ice/Lightning symbol,
Gingerbread, http://www1.flightrising.com/forums/fd9/2584610, https://i.imgur.com/baYF3Xn.png, Gingerbread Dec '18, Gingerbread house with pink and white trim,
SvF Shadow Sun, http://www1.flightrising.com/forums/raf/2588830/1, https://i.imgur.com/AIh4tMn.png, SvF Shadow Dec '18,,
SvF Fire Mercing,, https://media.giphy.com/media/82ik7jP6D7EFin9UcP/giphy.gif, SvF Fire Merc Dec '18,, [br][br][br]
200kt SvF, http://www1.flightrising.com/forums/fd9/2589510/3#post_37181353, https://i.imgur.com/8wrQmAb.gif, 200kt SvF Dec '18, Spinning orange and purple coin with combined Fire/Shadow symbol,
Nature Meme Participation, http://www1.flightrising.com/forums/drw/2602665, https://i.imgur.com/rbVNlM2.png, Nature Jan '19,, [br][br][br]
Nature Meme Levels, http://www1.flightrising.com/forums/drw/2602665, https://i.imgur.com/CArACak.png, Nature Jan '19,,
Scribbler Reader, http://www1.flightrising.com/forums/fl9/1902126, https://i.imgur.com/q2MpXQ7.png,, Open book with Arcane symbol and ribbon saying 'Reader', [br][br]
Hatchie Naptime, http://www1.flightrising.com/forums/fd9/2606705, https://images-wixmp-ed30a86b8c4ca887773594c2.wixmp.com/intermediary/f/de9149e1-31de-4166-838a-626e24e405ad/dcwep6n-188c71f9-84c6-485f-8d26-c0c8fd0c25b1.png, Hatchling Naptime[br]Jan '19, Pink fae turning out a star-shaped light,
Meteorbomb Myth Ani, https://www1.flightrising.com/forums/fl9/1819817, http://i.imgur.com/c9EXgZD.gif,, Spiral looking up at meteors and text reading 'I Meteorbombed MythicalViper',
Meteorbomb Myth Static, https://www1.flightrising.com/forums/fl9/1819817, https://i.postimg.cc/ryfjTLHj/c9EXgZD.png,, Spiral looking up at meteors and text reading 'I Meteorbombed MythicalViper',
Familiar Ball, http://www1.flightrising.com/forums/fd9/2622510, https://i.imgur.com/SiBlLkQ.png, Familiar Ball Feb '19, Confused Stardust Scholar,
Gala 19, http://www1.flightrising.com/forums/raf/2601132, https://i.imgur.com/ig03mRm.png, Gala '19,, [br][br][br]
Gala 19 Sun, http://www1.flightrising.com/forums/raf/2601132, https://imgur.com/2oSqTM9.png, Gala '19,,
Gala 19 Mon, http://www1.flightrising.com/forums/raf/2601132, https://imgur.com/iAAtV8r.png, Gala '19,,
Gala 19 Tue, http://www1.flightrising.com/forums/raf/2601132, https://imgur.com/5aCmmAO.png, Gala '19,,
Gala 19 Wed, http://www1.flightrising.com/forums/raf/2601132, https://imgur.com/6OUIY36.png, Gala '19,,
Gala 19 Thu, http://www1.flightrising.com/forums/raf/2601132, https://imgur.com/uKz3XPt.png, Gala '19,,
Gala 19 Fri, http://www1.flightrising.com/forums/raf/2601132, https://imgur.com/i6IhkCD.png, Gala '19,,
Gala 19 Sat, http://www1.flightrising.com/forums/raf/2601132, https://imgur.com/1g6SeaI.png, Gala '19,,
Valightine's 19, http://www1.flightrising.com/forums/drw/2624487, https://i.imgur.com/j0SNV9r.png, Valightine's '19,,
Trickmurk 19 Sun, http://www1.flightrising.com/forums/raf/2633531, https://i.imgur.com/HzXQuIy.png, Trickmurk '19,,
Trickmurk 19 Mon, http://www1.flightrising.com/forums/raf/2633531, https://i.imgur.com/hHfm57E.png, Trickmurk '19,,
Trickmurk 19 Tue, http://www1.flightrising.com/forums/raf/2633531, https://i.imgur.com/Dfn4FxZ.png, Trickmurk '19,,
Trickmurk 19 Wed, http://www1.flightrising.com/forums/raf/2633531, https://i.imgur.com/ytZTUCy.png, Trickmurk '19,,
Trickmurk 19 Thu, http://www1.flightrising.com/forums/raf/2633531, https://i.imgur.com/8fu2ig2.png, Trickmurk '19,,
Trickmurk 19 Fri, http://www1.flightrising.com/forums/raf/2633531, https://i.imgur.com/eR1dssc.png, Trickmurk '19,,
Trickmurk 19 Sat, http://www1.flightrising.com/forums/raf/2633531, https://i.imgur.com/tzdcOL1.png, Trickmurk '19,,
MistJam 19 Sun, http://www1.flightrising.com/forums/raf/2649589, https://i.imgur.com/exvdLI2.png, MistJam '19,,
MistJam 19 Mon, http://www1.flightrising.com/forums/raf/2649589, https://i.imgur.com/h6fphx2.png, MistJam '19,,
MistJam 19 Tue, http://www1.flightrising.com/forums/raf/2649589, https://i.imgur.com/JUH3ool.png, MistJam '19,,
MistJam 19 Wed, http://www1.flightrising.com/forums/raf/2649589, https://i.imgur.com/WLSyWOz.png, MistJam '19,,
MistJam 19 Thu, http://www1.flightrising.com/forums/raf/2649589, https://i.imgur.com/HX8JItL.png, MistJam '19,,
MistJam 19 Fri, http://www1.flightrising.com/forums/raf/2649589, https://i.imgur.com/jrtkgih.png, MistJam '19,,
MistJam 19 Sat, http://www1.flightrising.com/forums/raf/2649589, https://i.imgur.com/6QOe10b.png, MistJam '19,,
March-ing Band, http://www1.flightrising.com/forums/fd9/2639780, https://i.imgur.com/8NvRTTl.png, March-ing Band[br]Mar '19, Drum with surrounding flowers,
SSG March 19 2, http://www1.flightrising.com/forums/fd9/2644338, https://i.imgur.com/rBdYHbC.png, Spacegames Mar '19, Golden butterfly,
Lightning Lab Sun, http://www1.flightrising.com/forums/drw/2657372, https://i.imgur.com/EOhe1L2.png, Lab Apr '19,,
Lightning Lab Mon, http://www1.flightrising.com/forums/drw/2657372, https://i.imgur.com/fPttNLr.png, Lab Apr '19,,
Lightning Lab Sat, http://www1.flightrising.com/forums/drw/2657372, https://i.imgur.com/LldJnSl.png, Lab Apr '19,,
SSG March 19 3, http://www1.flightrising.com/forums/fd9/2644338, https://i.imgur.com/etyrfht.png, Spacegames Mar '19, Golden bee,
SSG March 19, http://www1.flightrising.com/forums/fd9/2644338, https://i.imgur.com/gD2QG2a.png, Spacegames Mar '19, Gold trophy with bee and butterfly engravings,
Ice Cat Cafe Sun, https://www1.flightrising.com/forums/drw/2658068, https://i.imgur.com/WNEU1ru.png, Cat Cafe Apr '19,,
Ice Cat Cafe Mon, https://www1.flightrising.com/forums/drw/2658068, https://i.imgur.com/ZW1vffI.png, Cat Cafe Apr '19,,
Ice Cat Cafe Tue, https://www1.flightrising.com/forums/drw/2658068, https://i.imgur.com/x0fagVe.png, Cat Cafe Apr '19,,
Ice Cat Cafe Wed, https://www1.flightrising.com/forums/drw/2658068, https://i.imgur.com/hMyWk6j.png, Cat Cafe Apr '19,,
Ice Cat Cafe Fri, https://www1.flightrising.com/forums/drw/2658068, https://i.imgur.com/G5InzbA.png, Cat Cafe Apr '19,,
Ice Cat Cafe Sat, https://www1.flightrising.com/forums/drw/2658068, https://i.imgur.com/ioomFv9.png, Cat Cafe Apr '19,, [br]
WaveSat 19 Levels, http://www1.flightrising.com/forums/raf/2665246, https://i.imgur.com/drKPQub.png, WaveSat '19,, [br]
WaveSat 19 Sun, http://www1.flightrising.com/forums/raf/2665246, https://i.imgur.com/h17sJOc.png, WaveSat '19,, [br]
WaveSat 19 Sat, http://www1.flightrising.com/forums/raf/2665246, https://i.imgur.com/1w5KPi5.png, WaveSat '19,, [br]
Earth Day 19 Sun, https://www1.flightrising.com/forums/drw/2668767, https://i.imgur.com/UDGlhAz.png, Earth Day '19,,
Earth Day 19 Mon, https://www1.flightrising.com/forums/drw/2668767, https://i.imgur.com/gJb6lfD.png, Earth Day '19,, [br]
Earth Day 19 Tue, https://www1.flightrising.com/forums/drw/2668767, https://i.imgur.com/qfuZI7p.png, Earth Day '19,,
Earth Day 19 Wed, https://www1.flightrising.com/forums/drw/2668767, https://i.imgur.com/cb6vdr5.png, Earth Day '19,, [br]
Earth Day 19 Fri, https://www1.flightrising.com/forums/drw/2668767, https://i.imgur.com/kPs4SEq.png, Earth Day '19,,
Earth Day 19 Sat, https://www1.flightrising.com/forums/drw/2668767, https://i.imgur.com/kInNxPy.png, Earth Day '19,, [br]
Shadow Books Sun, http://www1.flightrising.com/forums/drw/2675474, https://i.imgur.com/nJnPsGp.gif, Literary May '19,, [br]
Shadow Books Mon, http://www1.flightrising.com/forums/drw/2675474, https://i.imgur.com/1bZDAGK.gif, Literary May '19,,
Celestial May 19, http://www1.flightrising.com/forums/fd9/2664705, https://i.imgur.com/GoxkKBP.png, 500kt Celestial May '19, Pink galaxy on blue background,
Shadow Books Tue, http://www1.flightrising.com/forums/drw/2675474, https://i.imgur.com/tQg9Um0.gif, Literary May '19,,
Shadow Books Thu, http://www1.flightrising.com/forums/drw/2675474, https://i.imgur.com/AkkNoyw.gif, Literary May '19,,
Shadow Books Fri, http://www1.flightrising.com/forums/drw/2675474, https://i.imgur.com/rPb0gq5.gif, Literary May '19,,
Red Carpet, http://www1.flightrising.com/forums/fd9/2656999, https://i.imgur.com/HTP9VLv.png, Red Carpet Apr '19, Pink film card,
Shadow Books Sat, http://www1.flightrising.com/forums/drw/2675474, https://i.imgur.com/BJ7FMmu.gif, Literary May '19,,
GG 19 Participation, http://www1.flightrising.com/forums/raf/2681379, https://i.imgur.com/uF45l8y.png, Greenskeeper's '19,,
GG 19 Levels, http://www1.flightrising.com/forums/raf/2681379, https://i.imgur.com/tsKn1G9.png, Greenskeeper's '19,,
GG 19 Sun, http://www1.flightrising.com/forums/raf/2681379, https://i.imgur.com/YfQodAQ.png, Greenskeeper's '19,,
GG 19 Mon, http://www1.flightrising.com/forums/raf/2681379, https://i.imgur.com/hJCQ3Pk.png, Greenskeeper's '19,,
GG 19 Tue, http://www1.flightrising.com/forums/raf/2681379, https://i.imgur.com/D9cDGwM.png, Greenskeeper's '19,,
GG 19 Wed, http://www1.flightrising.com/forums/raf/2681379, https://i.imgur.com/ReadcPU.png, Greenskeeper's '19,,
GG 19 Thu, http://www1.flightrising.com/forums/raf/2681379, https://i.imgur.com/8ax7384.png, Greenskeeper's '19,,
GG 19 Fri, http://www1.flightrising.com/forums/raf/2681379, https://i.imgur.com/biMPfry.png, Greenskeeper's '19,,
GG 19 Sat, http://www1.flightrising.com/forums/raf/2681379, https://i.imgur.com/2VjamCk.png, Greenskeeper's '19,,
Starlit Ceremony, http://www1.flightrising.com/forums/fd9/2678489, https://i.imgur.com/crvu5zu.png, Starlit Ceremony[br]May '19, Pair of sparkling rings with pink stones,
FD 19 Levels, http://www1.flightrising.com/forums/drw/2694372, https://i.imgur.com/eF0Xqbm.png, Earth Father's Day '19,,
FD 19 Souvenir, http://www1.flightrising.com/forums/drw/2694372, https://i.imgur.com/UNgbXOG.png, Earth Father's Day '19,,
FD 19 Sun, http://www1.flightrising.com/forums/drw/2694372, https://i.imgur.com/974gp4G.png, Earth Father's Day '19,,
FD 19 Mon, http://www1.flightrising.com/forums/drw/2694372, https://i.imgur.com/Iccs8gr.png, Earth Father's Day '19,,
FD 19 Tue, http://www1.flightrising.com/forums/drw/2694372, https://i.imgur.com/XaU5YO6.png, Earth Father's Day '19,,
FD 19 Wed, http://www1.flightrising.com/forums/drw/2694372, https://i.imgur.com/kcHxhc4.png, Earth Father's Day '19,,
FD 19 Thu, http://www1.flightrising.com/forums/drw/2694372, https://i.imgur.com/xIOcO5V.png, Earth Father's Day '19,,
FD 19 Fri, http://www1.flightrising.com/forums/drw/2694372, https://i.imgur.com/BCSO1Bq.png, Earth Father's Day '19,,
FD 19 Sat, http://www1.flightrising.com/forums/drw/2694372, https://i.imgur.com/8jgKMfi.png, Earth Father's Day '19,,
Bae's Bday, http://www1.flightrising.com/forums/fd9/2694111, https://i.imgur.com/Ak5NINa.png, Bae's Birthday Jun '19, Pink present with yellow bow,
BSJ 19 Sun, http://www1.flightrising.com/forums/raf/2703474, https://i.imgur.com/TguVSif.png, Brightshine '19,, [br]
BSJ 19 Mon, http://www1.flightrising.com/forums/raf/2703474, https://i.imgur.com/uC5jadD.png, Brightshine '19,,
BSJ 19 Tue, http://www1.flightrising.com/forums/raf/2703474, https://i.imgur.com/unpdyHJ.png, Brightshine '19,,
BSJ 19 Wed, http://www1.flightrising.com/forums/raf/2703474, https://i.imgur.com/QJLZb5a.png, Brightshine '19,,
BSJ 19 Thu, http://www1.flightrising.com/forums/raf/2703474, https://i.imgur.com/krZ84YM.png, Brightshine '19,,
BSJ 19 Fri, http://www1.flightrising.com/forums/raf/2703474, https://i.imgur.com/xb036Bv.png, Brightshine '19,,
BSJ 19 Sat, http://www1.flightrising.com/forums/raf/2703474, https://i.imgur.com/o6RASqM.png, Brightshine '19,,
Plague Jun 19 Level, http://www1.flightrising.com/forums/drw/2708510, https://i.ibb.co/pdPnJBZ/Bum-Bum-Bum-Bum-Bum-Bum100.png, Concert Jun '19,,
Plague Jun 19 Daily, http://www1.flightrising.com/forums/drw/2708510, https://i.ibb.co/Tb5kfLh/Smash100.png, Concert Jun '19,,
AvN Attendant, http://www1.flightrising.com/forums/fd9/2714906, https://i.postimg.cc/ZnhgYK90/Thank-You-Av-N-Attendants.png, AvN Attendant Jul '19, Smoking cannon with wizard hat and label 'AvN 2019',
AvN Blitzes, http://www1.flightrising.com/forums/fd9/2716577, https://i.imgur.com/M7bl8bQ.png, AvN Blitzes Jul '19, "Pink, purple and blue clouds with lightning bolt and label 'Blitz!!'",
AvN House Pride, http://www1.flightrising.com/forums/fd9/2671852, https://i.imgur.com/ikpYfo0.png, AvN House Pride Jul '19, Arcane sprite wearing Starseeker scarf,
AvN, http://www1.flightrising.com/forums/fd9/2719991, https://i.imgur.com/RMw3l3w.png, AvN Jul '19, Runic circle with eliminate foot crashing down and label 'Apoc',
IvW2 Ice Board A, http://www1.flightrising.com/forums/raf/2715368, https://i.imgur.com/HG0lF9A.png, IvWII Dorming,,
IvW2 Water Board A, http://www1.flightrising.com/forums/raf/2724350, https://i.imgur.com/TOiaqfA.png, IvWII Dorming,,
IvW2 Water Board E, http://www1.flightrising.com/forums/raf/2724350, https://i.imgur.com/yzhsKdP.png, IvWII Dorming,,
IvW2 Water Board F, http://www1.flightrising.com/forums/raf/2724350, https://i.imgur.com/KlG8kAX.png, IvWII Dorming,,
IvW2 Water Board I, http://www1.flightrising.com/forums/raf/2724350, https://i.imgur.com/3Tnhom2.png, IvWII Dorming,,
IvW2 Water Board L, http://www1.flightrising.com/forums/raf/2724350, https://i.imgur.com/ANufM3C.png, IvWII Dorming,,
IvW2 Water Board Ln, http://www1.flightrising.com/forums/raf/2724350, https://i.imgur.com/JyniS3Z.png, IvWII Dorming,,
IvW2 Water Board N, http://www1.flightrising.com/forums/raf/2724350, https://i.imgur.com/qUQ3JGE.png, IvWII Dorming,,
IvW2 Water Board P, http://www1.flightrising.com/forums/raf/2724350, https://i.imgur.com/uAiakIn.png, IvWII Dorming,,
IvW2 Water Board S, http://www1.flightrising.com/forums/raf/2724350, https://i.imgur.com/W2wAi9e.png, IvWII Dorming,,
IvW2 Water Board Wn, http://www1.flightrising.com/forums/raf/2724350, https://i.imgur.com/tWjcWh7.png, IvWII Dorming,,
IvW2 Water Board Wt, http://www1.flightrising.com/forums/raf/2724350, https://i.imgur.com/dOpECU3.png, IvWII Dorming,,
Arts and Crafts, http://www1.flightrising.com/forums/fd9/2734173, https://i.imgur.com/cTHZurb.png, Arts and Crafts Aug '19, Boxes of coloured stones,
Starfall 19, http://www1.flightrising.com/forums/fd9/2751481, https://i.imgur.com/Af6fxib.png, Starfall '19, Vines wrapped around moon and the space exploration gear parked on it,
Tricky Treats, https://www1.flightrising.com/forums/fd9/2764718, https://i.imgur.com/lpgdD30.png, Tricky Treats Oct '19, Pink lollipop, [br][br]
Harvest Celebration, https://www1.flightrising.com/forums/fd9/2776393, https://i.imgur.com/CLN3xqP.png, Harvest Celebration Nov '19, Turnip, [br][br]
Snowmageddon EPW, https://www1.flightrising.com/forums/fd9/2792917, https://i.imgur.com/9prsA4T.png, Snowmageddon Dec '19, Small pink blob with eyes in a snowglobe,
Aurora Sorealis, https://www1.flightrising.com/forums/fd9/2813192, https://i.imgur.com/hyAq3Is.png, Aurora Sorealis Jan '20, Green Aurora Borealis forming an Arcane symbol, [br]
Valightine's 20, https://www1.flightrising.com/forums/raf/2815805, https://i.imgur.com/QbT38bq.png, Valightine's '20,,
Not Love Potions, https://www1.flightrising.com/forums/fd9/2818986, https://i.imgur.com/rWbj9Zf.png, (Not) Love Potions Feb '20, A heart in a jar with the Arcane symbol on,
FvN 20 Saturday, https://www1.flightrising.com/forums/raf/2829408, https://i.imgur.com/LY0w9OL.png, FvN Mar '20,,
FvN 20 Levels, https://www1.flightrising.com/forums/raf/2829408, https://i.imgur.com/XQaC6ld.png, FvN Mar '20,,
Eyes of March 2, https://www1.flightrising.com/forums/fd9/2833384, https://i.imgur.com/d9rY1B8.png, Eyes of March Mar '20, A red eye,
Donation Mar 20, https://www1.flightrising.com/forums/fd9/2825062, https://i.imgur.com/22Li1lm.png, 300kt Celestial Mar '20, Pink clock face decorated with astronomical symbols,
Gardening, https://www1.flightrising.com/forums/fd9/2840809, https://i.imgur.com/92DG7GH.png, Gardening Apr '20, Box full of packets of spores of the mushroom Emetic Russula, [br]
GG 20 Fri, https://www1.flightrising.com/forums/raf/2860656, https://i.imgur.com/paqEfmq.png, Greenskeeper's '20,,
GG 20 Levels, https://www1.flightrising.com/forums/raf/2860656, https://i.imgur.com/BMUSSMe.png, Greenskeeper's '20,,
Spring Cleaning, https://www1.flightrising.com/forums/fd9/2861070, https://i.imgur.com/tAMg2wh.png, Spring Cleaning May '20, Pink dustpan with dust bunnies inside,
WvP Wind Dorm Earth, https://www1.flightrising.com/forums/raf/2865913, https://i.postimg.cc/6qLP8JRc/wvpearth.png, WvP Jun '20,,
WvP Wind Dorm Fire, https://www1.flightrising.com/forums/raf/2865913, https://i.postimg.cc/02n3xv92/wvpfire.png, WvP Jun '20,,
WvP Wind Dorm Wind, https://www1.flightrising.com/forums/raf/2865913, https://i.postimg.cc/2ywHzdRX/wvpwind.png, WvP Jun '20,,
WvP Wind Dorm Water, https://www1.flightrising.com/forums/raf/2865913, https://i.postimg.cc/fLY2PnHs/wvpwater.png, WvP Jun '20,,
WvP Wind Dorm Shadow, https://www1.flightrising.com/forums/raf/2865913, https://i.postimg.cc/x8YxDx7z/wvpshadow.png, WvP Jun '20,,
WvP Wind Dorm Ice, https://www1.flightrising.com/forums/raf/2865913, https://i.postimg.cc/L627r5Kb/wvpice.png, WvP Jun '20,,
WvP Wind Dorm Lightning, https://www1.flightrising.com/forums/raf/2865913, https://i.postimg.cc/GmS58jBW/wvplightning.png, WvP Jun '20,,
WvP Wind Dorm Light, https://www1.flightrising.com/forums/raf/2865913, https://i.postimg.cc/mgrngnr3/wvplight.png, WvP Jun '20,,
WvP Wind Dorm Nature, https://www1.flightrising.com/forums/raf/2865913, https://i.postimg.cc/9fRNGqZr/wvpnature.png, WvP Jun '20,,
WvP Wind Dorm Plague, https://www1.flightrising.com/forums/raf/2865913, https://i.postimg.cc/pdwckXJk/wvpplague.png, WvP Jun '20,,
WvP Wind Dorm Arcane, https://www1.flightrising.com/forums/raf/2865913, https://i.postimg.cc/G2DV1smZ/wvparcane.png, WvP Jun '20,,
Summer Solstice, https://www1.flightrising.com/forums/fd9/2873671, https://i.imgur.com/odON6PY.png, Summer Solstice Jun '20, Strawberry with :3 face and banner reading 'I',
Yearbook, https://www1.flightrising.com/forums/fd9/2883501, https://i.imgur.com/bXiI51g.png, Yearbook Jul '20, Yearbook outlined in Starseeker colours,
Starfall 20, https://www1.flightrising.com/forums/fd9/2911077, https://i.imgur.com/mCvUdEc.png, Starfall '20, Handmade Calico Ferberus stuffed toy,
Yearbook Prelevel, https://www1.flightrising.com/forums/fd9/2865595, https://i.imgur.com/5CJSBlM.png, Yearbook Jul '20, Dusky partial Starseeker symbol,
Yearbook Starseeker, https://www1.flightrising.com/forums/fd9/2866864, https://i.imgur.com/21TvHJJ.png, Yearbook Jul '20, Starseeker pen doodling multicolour pink and purple line,
Yearbook Dreamstrider, https://www1.flightrising.com/forums/fd9/2866864, https://i.imgur.com/8tRF4Ak.png, Yearbook Jul '20, Dreamstrider pen doodling multicolour blue and gren line,
Yearbook Shatterspell, https://www1.flightrising.com/forums/fd9/2866864, https://i.imgur.com/RULHr4n.png, Yearbook Jul '20, Shatterspell pen doodling multicolour pink and yellow line,
Yearbook Runesworn, https://www1.flightrising.com/forums/fd9/2866864, https://i.imgur.com/hMw8H4k.png, Yearbook Jul '20, Runesworn pen doodling multicolour pink and blue line,
Yearbook All Sprite, https://www1.flightrising.com/forums/fd9/2866864, https://i.imgur.com/DpNKYe2.png, Yearbook Jul '20, "Pink pen with Arcane symbol doodling blue, pink, yellow, green and purple line",
Yearbook Extra, https://www1.flightrising.com/forums/fd9/2866864, https://i.imgur.com/2hu3s27.png, Yearbook Jul '20, Starseeker puffball pen,
Crystal Rush, https://www1.flightrising.com/forums/fd9/2923869, https://i.imgur.com/tQ1rswU.png, Crystals Oct '20, Pile of pink crystals,
Haunted Starwood, https://www1.flightrising.com/forums/fd9/2936740, https://i.imgur.com/yq4q1tU.png, Haunted Starwood Nov '20, Cracked tree stump looming out of the murk,
Holiday Party, https://www1.flightrising.com/forums/fd9/2958832, https://i.imgur.com/kmW2peE.png, Holiday Party Jan '21, Present wrapped in purple paper with a pink bow,
Snowdrop Soiree, https://www1.flightrising.com/forums/fd9/2976294, https://imgur.com/iEs4jEI.png, Snowdrop Soir√©e Feb '21, Snowflake mug containing hot chocolate with a big dollop of whipped cream,
Level Up, https://www1.flightrising.com/forums/fd9/2985086, https://i.imgur.com/U394ofT.png, Level Up! Mar '21, Pink upwards arrow labelled as 'Level 10'. 1/5 XP symbols in lower bar is illuminated,
April Flowers, https://www1.flightrising.com/forums/fd9/2996017, https://i.imgur.com/0ggFp8g.png, April Flowers &[br]Meteor Showers Apr '21,,
WaveSat 21 Sat, https://www1.flightrising.com/forums/raf/2997977, https://i.imgur.com/VriaHFH.png, WaveSat '21,,
GG 21 Levels, https://www1.flightrising.com/forums/raf/3008966, https://i.gyazo.com/03939d73133c8371c57c415e1a53dee0.png, Greenskeeper's '21,,
Brightshine 21, https://www1.flightrising.com/forums/raf/3025742, https://i.imgur.com/3wwBmcA.png, Brightshine '21,, [br][br][br][br]
Bank June 21, https://www1.flightrising.com/forums/fd9/2949562, https://i.imgur.com/toPY6ms.gif, Donated Jun '21, Arcane symbol with text 'June 2021 Contributor' and spinning coins,
Maren Expedition, https://www1.flightrising.com/forums/fd9/3011387, https://i.imgur.com/bP7JQxK.png, Maren May '21,, [br][br][br]
HC 21 Prelevels, https://www1.flightrising.com/forums/fd9/3015573, https://i.imgur.com/C1YQQV7.gif, HC '21 Prelevels,, [br][br][br]
HC 21 SQ SK, https://www1.flightrising.com/forums/fd9/3014585, https://i.imgur.com/RbCDEE0.png, HC '21 Sprite Quests,, [br][br][br]
HC 21 SQ DS, https://www1.flightrising.com/forums/fd9/3014585, https://i.imgur.com/8vKo9rC.png, HC '21 Sprite Quests,, [br][br][br]
HC 21 SQ SH, https://www1.flightrising.com/forums/fd9/3014585, https://i.imgur.com/DvnjHkm.png, HC '21 Sprite Quests,,
HC 21 SQ RS, https://www1.flightrising.com/forums/fd9/3014585, https://i.imgur.com/dgWHNQD.png, HC '21 Sprite Quests,,
HC 21, https://www1.flightrising.com/forums/fd9/3033343, https://i.imgur.com/NgM8eLK.png, HC '21 Astronomy Faire,,
HC 21 Pride Quests, https://www1.flightrising.com/forums/fd9/3021503, https://i.imgur.com/OLQb2UU.gif, HC '21 Pride Quests,,
Bank July 21, https://www1.flightrising.com/forums/fd9/2949562, https://i.imgur.com/fgORbgA.gif, Donated Jul '21, Arcane symbol with text 'July 2021 Contributor' and spinning coins,
Starfall 21, https://www1.flightrising.com/forums/fd9/3057828, https://i.imgur.com/Y1f3Inq.png, Starfall '21,,
Bank Sep 21, https://www1.flightrising.com/forums/fd9/2949562, https://i.imgur.com/OeinAnd.gif, Donated Sep '21, Arcane symbol with text 'Sept 2021 Contributor' and spinning coins,
Donation Comp Aug 21, https://www1.flightrising.com/forums/fd9/3039570, https://i.imgur.com/zMHdwzw.png, Phantasia Aug '21, Ringed planet in blue space,
Gourd Guard Graveyard, https://www1.flightrising.com/forums/fd9/3068900, https://i.imgur.com/cveeO3T.png, Gourd Guard Oct '21,,
Safety First, https://www1.flightrising.com/forums/fd9/3073902, https://i.imgur.com/uvrBzz6.png, Safety First Nov '21,,
Shadow SvI, https://www1.flightrising.com/forums/raf/3070041, https://i.imgur.com/4nLJDk0.png, Shadow SvI Nov '21,, [br][br][br]
Ice SvI Levels, https://www1.flightrising.com/forums/raf/3067049, https://i.imgur.com/clwzZ3g.png, Ice SvI Nov '21,, [br][br][br]
Ice SvI Sat, https://www1.flightrising.com/forums/raf/3067049, https://i.imgur.com/dFEgmVD.png, Ice SvI Nov '21,, [br][br][br]
Silly Sweater, https://www1.flightrising.com/forums/fd9/3077251, https://i.imgur.com/DfvUPII.png, Sweater Soiree Nov '21,,
Souper Bowl, https://www1.flightrising.com/forums/fd9/3099528, https://i.imgur.com/Hg7AekC.png, Souper Bowl Feb '22,,
Sleepover, https://www1.flightrising.com/forums/fd9/3115030, https://i.imgur.com/toB6Z0L.png, Arcanist's Sleepover Mar '22,,
Arcadian Delight, https://www1.flightrising.com/forums/fd9/3125285, https://i.imgur.com/H1XfMtS.png, Arcadian Delight Apr '22,,
Spring Cleaning 22, https://www1.flightrising.com/forums/fd9/3137941, https://i.imgur.com/qrHQVSR.png, Spring Cleaning May '22,,
Clean Springing, https://www1.flightrising.com/forums/fd9/3142175, https://i.imgur.com/XK2JSnY.png, Clean Springing Jun '22,,
WvL Wind Mercs,, https://i.postimg.cc/nVvgR75m/wind-merc-wvl.png, WvL Wind Mercing May '22,,
HC Field Trip, https://www1.flightrising.com/forums/fd9/3155400/7#post_51938163, https://i.imgur.com/cwFynrE.png, HC Field Trip Jul '22,,
Starfall 22, https://www1.flightrising.com/forums/fd9/3169536, https://i.imgur.com/mI0oQ73.png, Starfall '22,,
Enchanted Library, https://www1.flightrising.com/forums/fd9/3183823, https://i.imgur.com/pwEpQqP.png, Enchanted Library Nov '22,,
Upgraded Arcadia, https://www1.flightrising.com/forums/fd9/3199865, https://i.postimg.cc/K8c6gz0M/23-Jan-Stress-Test-IFR.png, Upgraded Arcadia Jan '23,,
Gaoler Supply Run, https://www1.flightrising.com/forums/fd9/3209516, https://i.imgur.com/PC2EbuE.png, Gaoler Supply Run Feb '23,,
Aurora Dance, https://www1.flightrising.com/forums/fd9/3216517, https://i.imgur.com/7Gdt1pa.png, Dance of the Auroras Mar '23,,
April Floods, https://www1.flightrising.com/forums/fd9/3228704, https://i.imgur.com/sx0NelC.png, April Showers Bring Floods Apr '23,,
Heartfelt Delivery, https://www1.flightrising.com/forums/drw/3209321, https://i.imgur.com/9clB2dm.png, Heartfelt Delivery Feb '23,,
Everbloom Resort Sat, https://www1.flightrising.com/forums/drw/3215509, https://i.imgur.com/wjdhfpm.png, Everbloom Resort Feb '23,,
May Buds, https://www1.flightrising.com/forums/fd9/3238869, https://i.imgur.com/xUpqlK9.png, May Buds May '23,,
Supernova Celebration, https://www1.flightrising.com/forums/fd9/3246262, https://i.postimg.cc/DzHHDcnr/Supernova1.png, Supernova Celebration Jun '23,,
Astronomy School, https://www1.flightrising.com/forums/fd9/3252481, https://i.imgur.com/r6xHgaL.png, Astronomy School Jul '23,,
Astronomy School Apoc, https://www1.flightrising.com/forums/fd9/3252481, https://i.imgur.com/aNZoV0I.png, Astronomy School Jul '23,,
HC Donation Comp, https://www1.flightrising.com/forums/fd9/3252419, https://i.imgur.com/voh50UZ.png, HC Donation Jul '23, Starseeker symbol with '2023: 500' overlaid,
Pirates of Arr-cane, https://www1.flightrising.com/forums/fd9/3273287, https://i.imgur.com/gYtMJO2.gif, Pirates of Arr-cane Sep '23,,
AvL, https://www1.flightrising.com/forums/fd9/3291918, https://i.imgur.com/AWmPZJK.png, AvL Enchanted Library Nov '23,,
AvL Prelevel Arcane, https://www1.flightrising.com/forums/fd9/3281903, https://imgur.com/51p90J9.png, AvL Prelevelling Nov '23,,
AvL Prelevel Earth, https://www1.flightrising.com/forums/fd9/3281903, https://imgur.com/MluSSGk.png, AvL Prelevelling Nov '23,,
AvL Prelevel Fire, https://www1.flightrising.com/forums/fd9/3281903, https://imgur.com/BlTFs6z.png, AvL Prelevelling Nov '23,,
AvL Prelevel Wind, https://www1.flightrising.com/forums/fd9/3281903, https://imgur.com/VWXR5j3.png, AvL Prelevelling Nov '23,,
AvL Prelevel Water, https://www1.flightrising.com/forums/fd9/3281903, https://imgur.com/8MsOMlB.png, AvL Prelevelling Nov '23,,
AvL Prelevel Shadow, https://www1.flightrising.com/forums/fd9/3281903, https://imgur.com/bdvc0Wu.png, AvL Prelevelling Nov '23,,
AvL Prelevel Ice, https://www1.flightrising.com/forums/fd9/3281903, https://imgur.com/sGsemKf.png, AvL Prelevelling Nov '23,,
AvL Prelevel Lightning, https://www1.flightrising.com/forums/fd9/3281903, https://imgur.com/efQnatU.png, AvL Prelevelling Nov '23,,
AvL Prelevel Light, https://www1.flightrising.com/forums/fd9/3281903, https://imgur.com/NxgG9Jo.png, AvL Prelevelling Nov '23,,
AvL Prelevel Nature, https://www1.flightrising.com/forums/fd9/3281903, https://imgur.com/5tGe4VT.png, AvL Prelevelling Nov '23,,
AvL Prelevel Plague, https://www1.flightrising.com/forums/fd9/3281903, https://imgur.com/VanBJHY.png, AvL Prelevelling Nov '23,,
AvL Prelevel Rainbow, https://www1.flightrising.com/forums/fd9/3281903, https://imgur.com/NczRur1.png, AvL Prelevelling Nov '23,,
Gone Fishing, https://www1.flightrising.com/forums/fd9/3311007, https://imgur.com/6XJgcnJ.png, Gone Fishing Jan '24,,
Gone Fishing Donation, https://www1.flightrising.com/forums/fd9/3311007, https://imgur.com/7hmcKrB.png, Gone Fishing Jan '24, Fishing hook with caught Arcane symbol,
Astrolodome Food Festival, https://www1.flightrising.com/forums/fd9/3316032, https://i.imgur.com/y2dUpI4.png, Astrolodome Food Fest Feb '24,,
Aetherversary, https://www1.flightrising.com/forums/fd9/3324266, https://i.imgur.com/VbfdgOd.png, Aetherversary Mar '24,,
Aetherversary Donation, https://www1.flightrising.com/forums/fd9/3324266, https://i.imgur.com/XLhw5Gn.png, Aetherversary Mar '24, "Simplified Aether face with tongue sticking out, surrounded by words 'Knowledge is Wealth is Delicious'",
BHG Standard Immortal, https://www1.flightrising.com/forums/fd9/3311466, https://i.imgur.com/JfUTU7p.png, Earned after Aetherversary, Standard Immortal badge from Bounty Hunters Guild,
Lightning Apr 24 Sun, https://www1.flightrising.com/forums/drw/3324253, https://i.imgur.com/xFg0siI.png, Lightning PB Apr '24,,
Lightning Apr 24 Mon, https://www1.flightrising.com/forums/drw/3324253, https://i.imgur.com/BnAv6sQ.png, Lightning PB Apr '24,,
Lightning Apr 24 Tue, https://www1.flightrising.com/forums/drw/3324253, https://i.imgur.com/jWIU0tS.png, Lightning PB Apr '24,,
Lightning Apr 24 Wed, https://www1.flightrising.com/forums/drw/3324253, https://i.imgur.com/b3DIarE.png, Lightning PB Apr '24,,
Lightning Apr 24 Thu, https://www1.flightrising.com/forums/drw/3324253, https://i.imgur.com/Jswukr3.png, Lightning PB Apr '24,,
Lightning Apr 24 Fri, https://www1.flightrising.com/forums/drw/3324253, https://i.imgur.com/QZ1MIxR.png, Lightning PB Apr '24,,
Lightning Apr 24 Sat, https://www1.flightrising.com/forums/drw/3324253, https://i.imgur.com/YBhqNHm.png, Lightning PB Apr '24,,
Solar Eclipse, https://www1.flightrising.com/forums/fd9/3331985, https://i.imgur.com/amzwH7o.png, Solar Eclipse Apr '24,,
BHG Intense Centurion, https://www1.flightrising.com/forums/fd9/3311466, https://i.imgur.com/tCIQjOZ.png, Earned after Solar Eclipse, Intense Centurion badge from Bounty Hunters Guild,
Spring Clean-Out, https://www1.flightrising.com/forums/fd9/3339401, https://i.imgur.com/L5b3JKJ.png, Magia May '24, Dirty purple cupboard,
Sprite Quests Jul 24, https://www1.flightrising.com/forums/fd9/3351467, https://imgur.com/eILuP0F.png, Sprite Quests Jul '24, A sprouting seed in Starseeker colours,
Meteorite Mayhem, https://www1.flightrising.com/forums/fd9/3355521, https://i.imgur.com/4BCbU8M.png, Meteorite Mayhem Jul '24, A glowing Starseeker symbol,
Meteorite Donation, https://www1.flightrising.com/forums/fd9/3355521, https://i.imgur.com/OEA0RaZ.png, Meteorite Mayhem Jul '24, 3 coins crashing down as meteors,
Meteorite Nature Sat, https://www1.flightrising.com/forums/drw/3353071, https://i.imgur.com/aDNKKeO.png, Meteorite Mayhem Jul '24, A strawberry where the seeds turns into more leaves,
Meteorite Nature Levels, https://www1.flightrising.com/forums/drw/3353071, https://i.imgur.com/CduWPqP.png, Meteorite Mayhem Jul '24, Deformed daisy and crystallized bluebells blooming around a pink gem,
Starfall 2024, https://www1.flightrising.com/forums/fd9/3364906, https://i.imgur.com/q9ZWSI4.png, Star Fall '24, A paper plane flying through the stars,
Starfall 2024 Donation, https://www1.flightrising.com/forums/fd9/3364906, https://i.imgur.com/Iv8glRR.png, Star Fall '24, A piece of treasure gleaming among the stars,
BHG Intense Knight, https://www1.flightrising.com/forums/fd9/3311466, https://i.imgur.com/hGSyzWq.png, Earned after Star Fall, Intense Knight badge from Bounty Hunters Guild,
FGB Sep 24, https://www1.flightrising.com/forums/fd9/3256614, https://i.imgur.com/YKIjov0.png, Donated Sep '24, Pink crystals with the words 'Goal Met: September 2024',
FGB Sep 24 Stretch, https://www1.flightrising.com/forums/fd9/3256614, https://i.imgur.com/TKjJTBU.png, Donated Sep '24, Pink crystals with the words 'Stretch Goal Met: September 2024',
IvW Boarding Arcane, https://www1.flightrising.com/forums/raf/3364688, https://i.imgur.com/OhIO6MY.png, IvW Boarding Oct '24, Greyhound in an Arcane astronaut suit,
IvW Boarding Earth, https://www1.flightrising.com/forums/raf/3364688, https://i.imgur.com/QzTv575.png, IvW Boarding Oct '24, Greyhound in Earth excavation gear,
IvW Boarding Fire, https://www1.flightrising.com/forums/raf/3364688, https://i.imgur.com/31pCWee.png, IvW Boarding Oct '24, Greyhound in flamin' Fire welding gear,
IvW Boarding Ice, https://www1.flightrising.com/forums/raf/3364688, https://i.imgur.com/E7kXlTy.png, IvW Boarding Oct '24, Greyhound in a cozy Ice parka,
IvW Boarding Light, https://www1.flightrising.com/forums/raf/3364688, https://i.imgur.com/Z2RGL70.png, IvW Boarding Oct '24, Greyhound in a Light head-wrap and sunglasses,
IvW Boarding Lightning, https://www1.flightrising.com/forums/raf/3364688, https://i.imgur.com/ua7IIKl.png, IvW Boarding Oct '24, Greyhound in a Lightning construction vest and hard hat,
IvW Boarding Nature, https://www1.flightrising.com/forums/raf/3364688, https://i.imgur.com/QKTXiaB.png, IvW Boarding Oct '24, Greyhound in a floral Nature costume,
IvW Boarding Plague, https://www1.flightrising.com/forums/raf/3364688, https://i.imgur.com/yenNbki.png, IvW Boarding Oct '24, Greyhound in spiky Plague gear,
IvW Boarding Shadow, https://www1.flightrising.com/forums/raf/3364688, https://i.imgur.com/fWtI2Ut.png, IvW Boarding Oct '24, Greyhound in jangling Shadow jester gear,
IvW Boarding Water, https://www1.flightrising.com/forums/raf/3364688, https://i.imgur.com/VPVLLQN.png, IvW Boarding Oct '24, Greyhound in Water snorkeling gear,
IvW Boarding Wind, https://www1.flightrising.com/forums/raf/3364688, https://i.imgur.com/K4fQ2zN.png, IvW Boarding Oct '24, Greyhound in snug Wind skydiving gear,
IvW Mercing,, https://i.imgur.com/2gmGTmh.png, IvW Mercing Oct '24, Dog in Arcane cloak wielding a sword,
IvW Saturday, https://www1.flightrising.com/forums/raf/3368938, https://i.imgur.com/DRaxIQL.png, IvW Oct '24, Speaker shaped like a sunflower-style ship's wheel,
IvW 25 Levels, https://www1.flightrising.com/forums/raf/3368938, https://i.imgur.com/RE1JilW.png, IvW Oct '24, Sitting brown and white dog with green eyes,
IvW 50 Levels, https://www1.flightrising.com/forums/raf/3368938, https://i.imgur.com/dwiVSl6.png, IvW Oct '24, Lying grey and white dog with yellow scarf,
Goin Ham, https://www1.flightrising.com/forums/fd9/3372278, https://imgur.com/4MPPV8i.png, Goin' Ham Oct '24, Ham with sparkles,
Goin Ham Donation, https://www1.flightrising.com/forums/fd9/3372278, https://imgur.com/or5PpWj.png, Goin' Ham Oct '24, Pink winged ham,
Goin Ham BHG, https://www1.flightrising.com/forums/fd9/3311466/6#post_57758155, https://i.imgur.com/qB9aMPW.png, [br][br]Goin' Ham Oct '24, Golden sparkling ham, [br][br][br]
Goin Ham MVP, https://www1.flightrising.com/forums/fd9/3311466/6#post_57758155, https://i.imgur.com/qIfwY7A.png, Goin' Ham Oct '24, Blue rocket with Arcane symbol and the words 'Snipe: Goin' Ham Stress Test Oct 2024 MVP: Immortal',
Goin Ham Batham, https://www1.flightrising.com/forums/fd9/3311466/6#post_57758155, https://i.imgur.com/noFcKIQ.png, Goin' Ham Oct '24, Sparkling ham with Batman face,
FGB Oct 24, https://www1.flightrising.com/forums/fd9/3256614, https://imgur.com/fb3cjOd.png, Donated Oct '24, A skull with the words 'Goal Met: October 2024',
FGB Oct 24 Stretch, https://www1.flightrising.com/forums/fd9/3256614, https://i.imgur.com/3iZhtJJ.png, Donated Oct '24, A skull with the words 'Stretch Goal Met: October 2024',
RoR 24 Sat, https://www1.flightrising.com/forums/raf/3371211, https://i.imgur.com/v0evlMb.png, RoR '24, Plaguebringer face,
Spa Retreat, https://www1.flightrising.com/forums/fd9/3379245, https://i.imgur.com/vzpGZ3l.png, Spa Retreat Nov '24, An Aether soaking in the bath,
Spa Retreat Donation, https://www1.flightrising.com/forums/fd9/3379245, https://i.imgur.com/wNAr0FT.png, Spa Retreat Nov '24, An Everlux soaking in the bath,
FGB Nov 24, https://www1.flightrising.com/forums/fd9/3256614, https://i.imgur.com/8QgRhxd.png, Donated Nov '24, Geodes with the words 'Goal Met: November 2024',
FGB Nov 24 Stretch, https://www1.flightrising.com/forums/fd9/3256614, https://i.imgur.com/kQt7CW1.png, Donated Nov '24, Geodes with the words 'Stretch Goal Met: November 2024',
